"","Key","Plate","Bead.Name","Well","MouseID","GroupID","Tissue","Stim","FecalSample","MFI","Count","Concentration","Bottom.MFI","Bottom.Conc","Top.MFI","Top.Conc","ConcFinal"
"1","1_IFN-a",1,"IFN-a","D3","SAF2","SAF","SPLEEN","LPS","HEU001",11,153,"18.64",45,21.24,15860.5,5990.73,"21.24"
"2","1_IFN-a",1,"IFN-a","E3","SAF3","SAF","SPLEEN","LPS","HEU001",10,131,"18.56",45,21.24,15860.5,5990.73,"21.24"
"3","1_IFN-a",1,"IFN-a","F3","SAF4","SAF","SPLEEN","LPS","HEU047",10,107,"18.56",45,21.24,15860.5,5990.73,"21.24"
"4","1_IFN-a",1,"IFN-a","G3","SAF5","SAF","SPLEEN","LPS","HEU047",10,118,"18.56",45,21.24,15860.5,5990.73,"21.24"
"5","1_IFN-a",1,"IFN-a","D4","SAF2","SAF","SPLEEN","R848","HEU001",171,93,"31.03",45,21.24,15860.5,5990.73,"31.03"
"6","1_IFN-a",1,"IFN-a","E4","SAF3","SAF","SPLEEN","R848","HEU001",41,121,"20.94",45,21.24,15860.5,5990.73,"21.24"
"7","1_IFN-a",1,"IFN-a","F4","SAF4","SAF","SPLEEN","R848","HEU047",152.5,118,"29.58",45,21.24,15860.5,5990.73,"29.58"
"8","1_IFN-a",1,"IFN-a","G4","SAF5","SAF","SPLEEN","R848","HEU047",388,153,"48.25",45,21.24,15860.5,5990.73,"48.25"
"9","1_IFN-a",1,"IFN-a","D5","SAF2","SAF","SPLEEN","US","HEU001",9,100,"18.49",45,21.24,15860.5,5990.73,"21.24"
"10","1_IFN-a",1,"IFN-a","E5","SAF3","SAF","SPLEEN","US","HEU001",10.5,100,"18.6",45,21.24,15860.5,5990.73,"21.24"
"11","1_IFN-a",1,"IFN-a","F5","SAF4","SAF","SPLEEN","US","HEU047",10,144,"18.56",45,21.24,15860.5,5990.73,"21.24"
"12","1_IFN-a",1,"IFN-a","G5","SAF5","SAF","SPLEEN","US","HEU047",9,112,"18.49",45,21.24,15860.5,5990.73,"21.24"
"13","1_IFN-a",1,"IFN-a","A6","SAF7","SAF","SPLEEN","LPS","HEU089",11,97,"18.64",45,21.24,15860.5,5990.73,"21.24"
"14","1_IFN-a",1,"IFN-a","B6","SAF8","SAF","SPLEEN","LPS","HEU089",10,127,"18.56",45,21.24,15860.5,5990.73,"21.24"
"15","1_IFN-a",1,"IFN-a","C6","SAF9","SAF","SPLEEN","LPS","HEU089",10,98,"18.56",45,21.24,15860.5,5990.73,"21.24"
"16","1_IFN-a",1,"IFN-a","D6","CAD1","CAD","SPLEEN","LPS","FM1005",10,93,"18.56",45,21.24,15860.5,5990.73,"21.24"
"17","1_IFN-a",1,"IFN-a","E6","CAD2","CAD","SPLEEN","LPS","FM1005",10,109,"18.56",45,21.24,15860.5,5990.73,"21.24"
"18","1_IFN-a",1,"IFN-a","F6","CAD3","CAD","SPLEEN","LPS","FM1005",12.5,6,"18.75",45,21.24,15860.5,5990.73,"-"
"19","1_IFN-a",1,"IFN-a","G6","CAD4","CAD","SPLEEN","LPS","FM1008",9,102,"18.49",45,21.24,15860.5,5990.73,"21.24"
"20","1_IFN-a",1,"IFN-a","A7","SAF7","SAF","SPLEEN","R848","HEU089",63,105,"22.63",45,21.24,15860.5,5990.73,"22.63"
"21","1_IFN-a",1,"IFN-a","B7","SAF8","SAF","SPLEEN","R848","HEU089",50,133,"21.63",45,21.24,15860.5,5990.73,"21.63"
"22","1_IFN-a",1,"IFN-a","C7","SAF9","SAF","SPLEEN","R848","HEU089",212.5,98,"34.29",45,21.24,15860.5,5990.73,"34.29"
"23","1_IFN-a",1,"IFN-a","D7","CAD1","CAD","SPLEEN","R848","FM1005",92,133,"24.87",45,21.24,15860.5,5990.73,"24.87"
"24","1_IFN-a",1,"IFN-a","E7","CAD2","CAD","SPLEEN","R848","FM1005",118,1,"26.89",45,21.24,15860.5,5990.73,"-"
"25","1_IFN-a",1,"IFN-a","F7","CAD3","CAD","SPLEEN","R848","FM1005",154.5,114,"29.74",45,21.24,15860.5,5990.73,"29.74"
"26","1_IFN-a",1,"IFN-a","G7","CAD4","CAD","SPLEEN","R848","FM1008",532,113,"59.88",45,21.24,15860.5,5990.73,"59.88"
"27","1_IFN-a",1,"IFN-a","A8","SAF7","SAF","SPLEEN","US","HEU089",10,98,"18.56",45,21.24,15860.5,5990.73,"21.24"
"28","1_IFN-a",1,"IFN-a","B8","SAF8","SAF","SPLEEN","US","HEU089",9,117,"18.49",45,21.24,15860.5,5990.73,"21.24"
"29","1_IFN-a",1,"IFN-a","C8","SAF9","SAF","SPLEEN","US","HEU089",9,108,"18.49",45,21.24,15860.5,5990.73,"21.24"
"30","1_IFN-a",1,"IFN-a","D8","CAD1","CAD","SPLEEN","US","FM1005",10,88,"18.56",45,21.24,15860.5,5990.73,"21.24"
"31","1_IFN-a",1,"IFN-a","E8","CAD2","CAD","SPLEEN","US","FM1005",10,116,"18.56",45,21.24,15860.5,5990.73,"21.24"
"32","1_IFN-a",1,"IFN-a","F8","CAD3","CAD","SPLEEN","US","FM1005",13,123,"18.79",45,21.24,15860.5,5990.73,"21.24"
"33","1_IFN-a",1,"IFN-a","G8","CAD4","CAD","SPLEEN","US","FM1008",9,108,"18.49",45,21.24,15860.5,5990.73,"21.24"
"34","1_IFN-a",1,"IFN-a","A9","CAD6","CAD","SPLEEN","LPS","FM1008",9,120,"18.49",45,21.24,15860.5,5990.73,"21.24"
"35","1_IFN-a",1,"IFN-a","B9","CAD7","CAD","SPLEEN","LPS","FM1011",9,121,"18.49",45,21.24,15860.5,5990.73,"21.24"
"36","1_IFN-a",1,"IFN-a","C9","CAD8","CAD","SPLEEN","LPS","FM1011",9,107,"18.49",45,21.24,15860.5,5990.73,"21.24"
"37","1_IFN-a",1,"IFN-a","D9","CAD9","CAD","SPLEEN","LPS","FM1011",9,126,"18.49",45,21.24,15860.5,5990.73,"21.24"
"38","1_IFN-a",1,"IFN-a","A10","CAD6","CAD","SPLEEN","R848","FM1008",313,129,"42.25",45,21.24,15860.5,5990.73,"42.25"
"39","1_IFN-a",1,"IFN-a","B10","CAD7","CAD","SPLEEN","R848","FM1011",486,119,"56.15",45,21.24,15860.5,5990.73,"56.15"
"40","1_IFN-a",1,"IFN-a","C10","CAD8","CAD","SPLEEN","R848","FM1011",342.5,120,"44.61",45,21.24,15860.5,5990.73,"44.61"
"41","1_IFN-a",1,"IFN-a","D10","CAD9","CAD","SPLEEN","R848","FM1011",54.5,96,"21.97",45,21.24,15860.5,5990.73,"21.97"
"42","1_IFN-a",1,"IFN-a","A11","CAD6","CAD","SPLEEN","US","FM1008",10,118,"18.56",45,21.24,15860.5,5990.73,"21.24"
"43","1_IFN-a",1,"IFN-a","B11","CAD7","CAD","SPLEEN","US","FM1011",9,120,"18.49",45,21.24,15860.5,5990.73,"21.24"
"44","1_IFN-a",1,"IFN-a","C11","CAD8","CAD","SPLEEN","US","FM1011",11,94,"18.64",45,21.24,15860.5,5990.73,"21.24"
"45","1_IFN-a",1,"IFN-a","D11","CAD9","CAD","SPLEEN","US","FM1011",9,113,"18.49",45,21.24,15860.5,5990.73,"21.24"
"46","1_IFN-a",1,"IFN-a","H3","SAF6","SAF","SPLEEN","LPS","HEU047",10,101,"18.56",45,21.24,15860.5,5990.73,"21.24"
"47","1_IFN-a",1,"IFN-a","H4","SAF6","SAF","SPLEEN","R848","HEU047",12,57,"18.72",45,21.24,15860.5,5990.73,"21.24"
"48","1_IFN-a",1,"IFN-a","H5","SAF6","SAF","SPLEEN","US","HEU047",10,85,"18.56",45,21.24,15860.5,5990.73,"21.24"
"49","1_IFN-a",1,"IFN-a","H6","CAD5","CAD","SPLEEN","LPS","FM1008",9,124,"18.49",45,21.24,15860.5,5990.73,"21.24"
"50","1_IFN-a",1,"IFN-a","H7","CAD5","CAD","SPLEEN","R848","FM1008",526,128,"59.39",45,21.24,15860.5,5990.73,"59.39"
"51","1_IFN-a",1,"IFN-a","H8","CAD5","CAD","SPLEEN","US","FM1008",10,105,"18.56",45,21.24,15860.5,5990.73,"21.24"
"52","1_IFN-g",1,"IFN-g","D3","SAF2","SAF","SPLEEN","LPS","HEU001",407.5,154,"18.51",75.5,3.05,13385,2812.09,"18.51"
"53","1_IFN-g",1,"IFN-g","E3","SAF3","SAF","SPLEEN","LPS","HEU001",279.5,132,"12.4",75.5,3.05,13385,2812.09,"12.4"
"54","1_IFN-g",1,"IFN-g","F3","SAF4","SAF","SPLEEN","LPS","HEU047",107,135,"4.46",75.5,3.05,13385,2812.09,"4.46"
"55","1_IFN-g",1,"IFN-g","G3","SAF5","SAF","SPLEEN","LPS","HEU047",609,124,"28.45",75.5,3.05,13385,2812.09,"28.45"
"56","1_IFN-g",1,"IFN-g","D4","SAF2","SAF","SPLEEN","R848","HEU001",6884,125,"566.29",75.5,3.05,13385,2812.09,"566.29"
"57","1_IFN-g",1,"IFN-g","E4","SAF3","SAF","SPLEEN","R848","HEU001",1353,133,"68.19",75.5,3.05,13385,2812.09,"68.19"
"58","1_IFN-g",1,"IFN-g","F4","SAF4","SAF","SPLEEN","R848","HEU047",6418.5,106,"504.23",75.5,3.05,13385,2812.09,"504.23"
"59","1_IFN-g",1,"IFN-g","G4","SAF5","SAF","SPLEEN","R848","HEU047",7992,169,"738.65",75.5,3.05,13385,2812.09,"738.65"
"60","1_IFN-g",1,"IFN-g","D5","SAF2","SAF","SPLEEN","US","HEU001",20,167,"0.65",75.5,3.05,13385,2812.09,"3.05"
"61","1_IFN-g",1,"IFN-g","E5","SAF3","SAF","SPLEEN","US","HEU001",19,116,"0.61",75.5,3.05,13385,2812.09,"3.05"
"62","1_IFN-g",1,"IFN-g","F5","SAF4","SAF","SPLEEN","US","HEU047",56,145,"2.2",75.5,3.05,13385,2812.09,"3.05"
"63","1_IFN-g",1,"IFN-g","G5","SAF5","SAF","SPLEEN","US","HEU047",25,119,"0.86",75.5,3.05,13385,2812.09,"3.05"
"64","1_IFN-g",1,"IFN-g","A6","SAF7","SAF","SPLEEN","LPS","HEU089",76.5,126,"3.1",75.5,3.05,13385,2812.09,"3.1"
"65","1_IFN-g",1,"IFN-g","B6","SAF8","SAF","SPLEEN","LPS","HEU089",58.5,120,"2.31",75.5,3.05,13385,2812.09,"3.05"
"66","1_IFN-g",1,"IFN-g","C6","SAF9","SAF","SPLEEN","LPS","HEU089",1423,122,"72.18",75.5,3.05,13385,2812.09,"72.18"
"67","1_IFN-g",1,"IFN-g","D6","CAD1","CAD","SPLEEN","LPS","FM1005",3388,109,"202.97",75.5,3.05,13385,2812.09,"202.97"
"68","1_IFN-g",1,"IFN-g","E6","CAD2","CAD","SPLEEN","LPS","FM1005",364,135,"16.41",75.5,3.05,13385,2812.09,"16.41"
"69","1_IFN-g",1,"IFN-g","F6","CAD3","CAD","SPLEEN","LPS","FM1005",481,3,"22.09",75.5,3.05,13385,2812.09,"-"
"70","1_IFN-g",1,"IFN-g","G6","CAD4","CAD","SPLEEN","LPS","FM1008",1821,116,"95.65",75.5,3.05,13385,2812.09,"95.65"
"71","1_IFN-g",1,"IFN-g","A7","SAF7","SAF","SPLEEN","R848","HEU089",4446,116,"291.5",75.5,3.05,13385,2812.09,"291.5"
"72","1_IFN-g",1,"IFN-g","B7","SAF8","SAF","SPLEEN","R848","HEU089",4339,130,"281.85",75.5,3.05,13385,2812.09,"281.85"
"73","1_IFN-g",1,"IFN-g","C7","SAF9","SAF","SPLEEN","R848","HEU089",2319,111,"127.06",75.5,3.05,13385,2812.09,"127.06"
"74","1_IFN-g",1,"IFN-g","D7","CAD1","CAD","SPLEEN","R848","FM1005",3427,136,"205.98",75.5,3.05,13385,2812.09,"205.98"
"75","1_IFN-g",1,"IFN-g","E7","CAD2","CAD","SPLEEN","R848","FM1005",4061,1,"257.56",75.5,3.05,13385,2812.09,"-"
"76","1_IFN-g",1,"IFN-g","F7","CAD3","CAD","SPLEEN","R848","FM1005",3649,120,"223.46",75.5,3.05,13385,2812.09,"223.46"
"77","1_IFN-g",1,"IFN-g","G7","CAD4","CAD","SPLEEN","R848","FM1008",5323,141,"377.27",75.5,3.05,13385,2812.09,"377.27"
"78","1_IFN-g",1,"IFN-g","A8","SAF7","SAF","SPLEEN","US","HEU089",22,124,"0.73",75.5,3.05,13385,2812.09,"3.05"
"79","1_IFN-g",1,"IFN-g","B8","SAF8","SAF","SPLEEN","US","HEU089",21,136,"0.69",75.5,3.05,13385,2812.09,"3.05"
"80","1_IFN-g",1,"IFN-g","C8","SAF9","SAF","SPLEEN","US","HEU089",23,142,"0.78",75.5,3.05,13385,2812.09,"3.05"
"81","1_IFN-g",1,"IFN-g","D8","CAD1","CAD","SPLEEN","US","FM1005",24,83,"0.82",75.5,3.05,13385,2812.09,"3.05"
"82","1_IFN-g",1,"IFN-g","E8","CAD2","CAD","SPLEEN","US","FM1005",30,150,"1.07",75.5,3.05,13385,2812.09,"3.05"
"83","1_IFN-g",1,"IFN-g","F8","CAD3","CAD","SPLEEN","US","FM1005",23,146,"0.78",75.5,3.05,13385,2812.09,"3.05"
"84","1_IFN-g",1,"IFN-g","G8","CAD4","CAD","SPLEEN","US","FM1008",19,123,"0.61",75.5,3.05,13385,2812.09,"3.05"
"85","1_IFN-g",1,"IFN-g","A9","CAD6","CAD","SPLEEN","LPS","FM1008",509.5,132,"23.49",75.5,3.05,13385,2812.09,"23.49"
"86","1_IFN-g",1,"IFN-g","B9","CAD7","CAD","SPLEEN","LPS","FM1011",5881,121,"438.86",75.5,3.05,13385,2812.09,"438.86"
"87","1_IFN-g",1,"IFN-g","C9","CAD8","CAD","SPLEEN","LPS","FM1011",5374,141,"382.65",75.5,3.05,13385,2812.09,"382.65"
"88","1_IFN-g",1,"IFN-g","D9","CAD9","CAD","SPLEEN","LPS","FM1011",90,129,"3.7",75.5,3.05,13385,2812.09,"3.7"
"89","1_IFN-g",1,"IFN-g","A10","CAD6","CAD","SPLEEN","R848","FM1008",7175.5,132,"608.03",75.5,3.05,13385,2812.09,"608.03"
"90","1_IFN-g",1,"IFN-g","B10","CAD7","CAD","SPLEEN","R848","FM1011",8432,124,"818.74",75.5,3.05,13385,2812.09,"818.74"
"91","1_IFN-g",1,"IFN-g","C10","CAD8","CAD","SPLEEN","R848","FM1011",11365,160,"1635.4",75.5,3.05,13385,2812.09,"1635.4"
"92","1_IFN-g",1,"IFN-g","D10","CAD9","CAD","SPLEEN","R848","FM1011",2649.5,142,"149.23",75.5,3.05,13385,2812.09,"149.23"
"93","1_IFN-g",1,"IFN-g","A11","CAD6","CAD","SPLEEN","US","FM1008",43,169,"1.63",75.5,3.05,13385,2812.09,"3.05"
"94","1_IFN-g",1,"IFN-g","B11","CAD7","CAD","SPLEEN","US","FM1011",74,168,"2.99",75.5,3.05,13385,2812.09,"3.05"
"95","1_IFN-g",1,"IFN-g","C11","CAD8","CAD","SPLEEN","US","FM1011",31,118,"1.12",75.5,3.05,13385,2812.09,"3.05"
"96","1_IFN-g",1,"IFN-g","D11","CAD9","CAD","SPLEEN","US","FM1011",21,138,"0.69",75.5,3.05,13385,2812.09,"3.05"
"97","1_IFN-g",1,"IFN-g","H3","SAF6","SAF","SPLEEN","LPS","HEU047",27,141,"0.95",75.5,3.05,13385,2812.09,"3.05"
"98","1_IFN-g",1,"IFN-g","H4","SAF6","SAF","SPLEEN","R848","HEU047",366,79,"16.51",75.5,3.05,13385,2812.09,"16.51"
"99","1_IFN-g",1,"IFN-g","H5","SAF6","SAF","SPLEEN","US","HEU047",22,145,"0.73",75.5,3.05,13385,2812.09,"3.05"
"100","1_IFN-g",1,"IFN-g","H6","CAD5","CAD","SPLEEN","LPS","FM1008",1060,155,"51.98",75.5,3.05,13385,2812.09,"51.98"
"101","1_IFN-g",1,"IFN-g","H7","CAD5","CAD","SPLEEN","R848","FM1008",7100,183,"596.99",75.5,3.05,13385,2812.09,"596.99"
"102","1_IFN-g",1,"IFN-g","H8","CAD5","CAD","SPLEEN","US","FM1008",61,142,"2.42",75.5,3.05,13385,2812.09,"3.05"
"103","1_IL-10",1,"IL-10","D3","SAF2","SAF","SPLEEN","LPS","HEU001",182,133,"24.85",38,5.27,17635,4721.54,"24.85"
"104","1_IL-10",1,"IL-10","E3","SAF3","SAF","SPLEEN","LPS","HEU001",168.5,100,"23.21",38,5.27,17635,4721.54,"23.21"
"105","1_IL-10",1,"IL-10","F3","SAF4","SAF","SPLEEN","LPS","HEU047",161,100,"22.29",38,5.27,17635,4721.54,"22.29"
"106","1_IL-10",1,"IL-10","G3","SAF5","SAF","SPLEEN","LPS","HEU047",142,117,"19.92",38,5.27,17635,4721.54,"19.92"
"107","1_IL-10",1,"IL-10","D4","SAF2","SAF","SPLEEN","R848","HEU001",1799,79,"196.78",38,5.27,17635,4721.54,"196.78"
"108","1_IL-10",1,"IL-10","E4","SAF3","SAF","SPLEEN","R848","HEU001",579,77,"68.77",38,5.27,17635,4721.54,"68.77"
"109","1_IL-10",1,"IL-10","F4","SAF4","SAF","SPLEEN","R848","HEU047",1158.5,114,"129.18",38,5.27,17635,4721.54,"129.18"
"110","1_IL-10",1,"IL-10","G4","SAF5","SAF","SPLEEN","R848","HEU047",1406,140,"155.05",38,5.27,17635,4721.54,"155.05"
"111","1_IL-10",1,"IL-10","D5","SAF2","SAF","SPLEEN","US","HEU001",41,123,"5.78",38,5.27,17635,4721.54,"5.78"
"112","1_IL-10",1,"IL-10","E5","SAF3","SAF","SPLEEN","US","HEU001",21,103,"2.02",38,5.27,17635,4721.54,"5.27"
"113","1_IL-10",1,"IL-10","F5","SAF4","SAF","SPLEEN","US","HEU047",31,116,"4.03",38,5.27,17635,4721.54,"5.27"
"114","1_IL-10",1,"IL-10","G5","SAF5","SAF","SPLEEN","US","HEU047",25,90,"2.87",38,5.27,17635,4721.54,"5.27"
"115","1_IL-10",1,"IL-10","A6","SAF7","SAF","SPLEEN","LPS","HEU089",154.5,104,"21.49",38,5.27,17635,4721.54,"21.49"
"116","1_IL-10",1,"IL-10","B6","SAF8","SAF","SPLEEN","LPS","HEU089",109,100,"15.67",38,5.27,17635,4721.54,"15.67"
"117","1_IL-10",1,"IL-10","C6","SAF9","SAF","SPLEEN","LPS","HEU089",134,96,"18.91",38,5.27,17635,4721.54,"18.91"
"118","1_IL-10",1,"IL-10","D6","CAD1","CAD","SPLEEN","LPS","FM1005",254,102,"33.32",38,5.27,17635,4721.54,"33.32"
"119","1_IL-10",1,"IL-10","E6","CAD2","CAD","SPLEEN","LPS","FM1005",300.5,124,"38.61",38,5.27,17635,4721.54,"38.61"
"120","1_IL-10",1,"IL-10","F6","CAD3","CAD","SPLEEN","LPS","FM1005",310.5,4,"39.73",38,5.27,17635,4721.54,"-"
"121","1_IL-10",1,"IL-10","G6","CAD4","CAD","SPLEEN","LPS","FM1008",248,93,"32.63",38,5.27,17635,4721.54,"32.63"
"122","1_IL-10",1,"IL-10","A7","SAF7","SAF","SPLEEN","R848","HEU089",857,73,"97.84",38,5.27,17635,4721.54,"97.84"
"123","1_IL-10",1,"IL-10","B7","SAF8","SAF","SPLEEN","R848","HEU089",922,114,"104.6",38,5.27,17635,4721.54,"104.6"
"124","1_IL-10",1,"IL-10","C7","SAF9","SAF","SPLEEN","R848","HEU089",638,88,"74.98",38,5.27,17635,4721.54,"74.98"
"125","1_IL-10",1,"IL-10","D7","CAD1","CAD","SPLEEN","R848","FM1005",1702,103,"186.39",38,5.27,17635,4721.54,"186.39"
"126","1_IL-10",1,"IL-10","E7","CAD2","CAD","SPLEEN","R848","FM1005",1507,6,"165.69",38,5.27,17635,4721.54,"-"
"127","1_IL-10",1,"IL-10","F7","CAD3","CAD","SPLEEN","R848","FM1005",1549,100,"170.13",38,5.27,17635,4721.54,"170.13"
"128","1_IL-10",1,"IL-10","G7","CAD4","CAD","SPLEEN","R848","FM1008",1740,106,"190.46",38,5.27,17635,4721.54,"190.46"
"129","1_IL-10",1,"IL-10","A8","SAF7","SAF","SPLEEN","US","HEU089",28,93,"3.46",38,5.27,17635,4721.54,"5.27"
"130","1_IL-10",1,"IL-10","B8","SAF8","SAF","SPLEEN","US","HEU089",24.5,110,"2.77",38,5.27,17635,4721.54,"5.27"
"131","1_IL-10",1,"IL-10","C8","SAF9","SAF","SPLEEN","US","HEU089",19.5,100,"1.68",38,5.27,17635,4721.54,"5.27"
"132","1_IL-10",1,"IL-10","D8","CAD1","CAD","SPLEEN","US","FM1005",53.5,76,"7.8",38,5.27,17635,4721.54,"7.8"
"133","1_IL-10",1,"IL-10","E8","CAD2","CAD","SPLEEN","US","FM1005",83,121,"12.13",38,5.27,17635,4721.54,"12.13"
"134","1_IL-10",1,"IL-10","F8","CAD3","CAD","SPLEEN","US","FM1005",44,124,"6.28",38,5.27,17635,4721.54,"6.28"
"135","1_IL-10",1,"IL-10","G8","CAD4","CAD","SPLEEN","US","FM1008",25,96,"2.87",38,5.27,17635,4721.54,"5.27"
"136","1_IL-10",1,"IL-10","A9","CAD6","CAD","SPLEEN","LPS","FM1008",218,104,"29.14",38,5.27,17635,4721.54,"29.14"
"137","1_IL-10",1,"IL-10","B9","CAD7","CAD","SPLEEN","LPS","FM1011",346,117,"43.68",38,5.27,17635,4721.54,"43.68"
"138","1_IL-10",1,"IL-10","C9","CAD8","CAD","SPLEEN","LPS","FM1011",208.5,100,"28.02",38,5.27,17635,4721.54,"28.02"
"139","1_IL-10",1,"IL-10","D9","CAD9","CAD","SPLEEN","LPS","FM1011",114.5,100,"16.39",38,5.27,17635,4721.54,"16.39"
"140","1_IL-10",1,"IL-10","A10","CAD6","CAD","SPLEEN","R848","FM1008",2734,133,"300.75",38,5.27,17635,4721.54,"300.75"
"141","1_IL-10",1,"IL-10","B10","CAD7","CAD","SPLEEN","R848","FM1011",2331,100,"255.01",38,5.27,17635,4721.54,"255.01"
"142","1_IL-10",1,"IL-10","C10","CAD8","CAD","SPLEEN","R848","FM1011",1386,93,"152.95",38,5.27,17635,4721.54,"152.95"
"143","1_IL-10",1,"IL-10","D10","CAD9","CAD","SPLEEN","R848","FM1011",845,87,"96.59",38,5.27,17635,4721.54,"96.59"
"144","1_IL-10",1,"IL-10","A11","CAD6","CAD","SPLEEN","US","FM1008",47,94,"6.77",38,5.27,17635,4721.54,"6.77"
"145","1_IL-10",1,"IL-10","B11","CAD7","CAD","SPLEEN","US","FM1011",44,118,"6.28",38,5.27,17635,4721.54,"6.28"
"146","1_IL-10",1,"IL-10","C11","CAD8","CAD","SPLEEN","US","FM1011",25,92,"2.87",38,5.27,17635,4721.54,"5.27"
"147","1_IL-10",1,"IL-10","D11","CAD9","CAD","SPLEEN","US","FM1011",25.5,98,"2.97",38,5.27,17635,4721.54,"5.27"
"148","1_IL-10",1,"IL-10","H3","SAF6","SAF","SPLEEN","LPS","HEU047",148,119,"20.68",38,5.27,17635,4721.54,"20.68"
"149","1_IL-10",1,"IL-10","H4","SAF6","SAF","SPLEEN","R848","HEU047",485,61,"58.78",38,5.27,17635,4721.54,"58.78"
"150","1_IL-10",1,"IL-10","H5","SAF6","SAF","SPLEEN","US","HEU047",29,86,"3.65",38,5.27,17635,4721.54,"5.27"
"151","1_IL-10",1,"IL-10","H6","CAD5","CAD","SPLEEN","LPS","FM1008",251,83,"32.98",38,5.27,17635,4721.54,"32.98"
"152","1_IL-10",1,"IL-10","H7","CAD5","CAD","SPLEEN","R848","FM1008",1920.5,100,"209.89",38,5.27,17635,4721.54,"209.89"
"153","1_IL-10",1,"IL-10","H8","CAD5","CAD","SPLEEN","US","FM1008",35,101,"4.75",38,5.27,17635,4721.54,"5.27"
"154","1_IL-23",1,"IL-23","D3","SAF2","SAF","SPLEEN","LPS","HEU001",10,121,"<1.88",125.5,118.22,11762.5,28508.49,"118.22"
"155","1_IL-23",1,"IL-23","E3","SAF3","SAF","SPLEEN","LPS","HEU001",11,127,"<1.88",125.5,118.22,11762.5,28508.49,"118.22"
"156","1_IL-23",1,"IL-23","F3","SAF4","SAF","SPLEEN","LPS","HEU047",10,116,"<1.88",125.5,118.22,11762.5,28508.49,"118.22"
"157","1_IL-23",1,"IL-23","G3","SAF5","SAF","SPLEEN","LPS","HEU047",10,100,"<1.88",125.5,118.22,11762.5,28508.49,"118.22"
"158","1_IL-23",1,"IL-23","D4","SAF2","SAF","SPLEEN","R848","HEU001",10,98,"<1.88",125.5,118.22,11762.5,28508.49,"118.22"
"159","1_IL-23",1,"IL-23","E4","SAF3","SAF","SPLEEN","R848","HEU001",11,118,"<1.88",125.5,118.22,11762.5,28508.49,"118.22"
"160","1_IL-23",1,"IL-23","F4","SAF4","SAF","SPLEEN","R848","HEU047",11,107,"<1.88",125.5,118.22,11762.5,28508.49,"118.22"
"161","1_IL-23",1,"IL-23","G4","SAF5","SAF","SPLEEN","R848","HEU047",11,121,"<1.88",125.5,118.22,11762.5,28508.49,"118.22"
"162","1_IL-23",1,"IL-23","D5","SAF2","SAF","SPLEEN","US","HEU001",11,102,"<1.88",125.5,118.22,11762.5,28508.49,"118.22"
"163","1_IL-23",1,"IL-23","E5","SAF3","SAF","SPLEEN","US","HEU001",11,122,"<1.88",125.5,118.22,11762.5,28508.49,"118.22"
"164","1_IL-23",1,"IL-23","F5","SAF4","SAF","SPLEEN","US","HEU047",11,121,"<1.88",125.5,118.22,11762.5,28508.49,"118.22"
"165","1_IL-23",1,"IL-23","G5","SAF5","SAF","SPLEEN","US","HEU047",10,107,"<1.88",125.5,118.22,11762.5,28508.49,"118.22"
"166","1_IL-23",1,"IL-23","A6","SAF7","SAF","SPLEEN","LPS","HEU089",11,88,"<1.88",125.5,118.22,11762.5,28508.49,"118.22"
"167","1_IL-23",1,"IL-23","B6","SAF8","SAF","SPLEEN","LPS","HEU089",11,108,"<1.88",125.5,118.22,11762.5,28508.49,"118.22"
"168","1_IL-23",1,"IL-23","C6","SAF9","SAF","SPLEEN","LPS","HEU089",11,108,"<1.88",125.5,118.22,11762.5,28508.49,"118.22"
"169","1_IL-23",1,"IL-23","D6","CAD1","CAD","SPLEEN","LPS","FM1005",12,92,"1.88",125.5,118.22,11762.5,28508.49,"118.22"
"170","1_IL-23",1,"IL-23","E6","CAD2","CAD","SPLEEN","LPS","FM1005",11,96,"<1.88",125.5,118.22,11762.5,28508.49,"118.22"
"171","1_IL-23",1,"IL-23","F6","CAD3","CAD","SPLEEN","LPS","FM1005",10.5,6,"<1.88",125.5,118.22,11762.5,28508.49,"-"
"172","1_IL-23",1,"IL-23","G6","CAD4","CAD","SPLEEN","LPS","FM1008",10,101,"<1.88",125.5,118.22,11762.5,28508.49,"118.22"
"173","1_IL-23",1,"IL-23","A7","SAF7","SAF","SPLEEN","R848","HEU089",10,90,"<1.88",125.5,118.22,11762.5,28508.49,"118.22"
"174","1_IL-23",1,"IL-23","B7","SAF8","SAF","SPLEEN","R848","HEU089",10,90,"<1.88",125.5,118.22,11762.5,28508.49,"118.22"
"175","1_IL-23",1,"IL-23","C7","SAF9","SAF","SPLEEN","R848","HEU089",10,107,"<1.88",125.5,118.22,11762.5,28508.49,"118.22"
"176","1_IL-23",1,"IL-23","D7","CAD1","CAD","SPLEEN","R848","FM1005",10,106,"<1.88",125.5,118.22,11762.5,28508.49,"118.22"
"177","1_IL-23",1,"IL-23","E7","CAD2","CAD","SPLEEN","R848","FM1005",11,5,"<1.88",125.5,118.22,11762.5,28508.49,"-"
"178","1_IL-23",1,"IL-23","F7","CAD3","CAD","SPLEEN","R848","FM1005",9,106,"<1.88",125.5,118.22,11762.5,28508.49,"118.22"
"179","1_IL-23",1,"IL-23","G7","CAD4","CAD","SPLEEN","R848","FM1008",10,108,"<1.88",125.5,118.22,11762.5,28508.49,"118.22"
"180","1_IL-23",1,"IL-23","A8","SAF7","SAF","SPLEEN","US","HEU089",10,75,"<1.88",125.5,118.22,11762.5,28508.49,"118.22"
"181","1_IL-23",1,"IL-23","B8","SAF8","SAF","SPLEEN","US","HEU089",11,120,"<1.88",125.5,118.22,11762.5,28508.49,"118.22"
"182","1_IL-23",1,"IL-23","C8","SAF9","SAF","SPLEEN","US","HEU089",11,115,"<1.88",125.5,118.22,11762.5,28508.49,"118.22"
"183","1_IL-23",1,"IL-23","D8","CAD1","CAD","SPLEEN","US","FM1005",10,91,"<1.88",125.5,118.22,11762.5,28508.49,"118.22"
"184","1_IL-23",1,"IL-23","E8","CAD2","CAD","SPLEEN","US","FM1005",10,100,"<1.88",125.5,118.22,11762.5,28508.49,"118.22"
"185","1_IL-23",1,"IL-23","F8","CAD3","CAD","SPLEEN","US","FM1005",10.5,124,"<1.88",125.5,118.22,11762.5,28508.49,"118.22"
"186","1_IL-23",1,"IL-23","G8","CAD4","CAD","SPLEEN","US","FM1008",10,99,"<1.88",125.5,118.22,11762.5,28508.49,"118.22"
"187","1_IL-23",1,"IL-23","A9","CAD6","CAD","SPLEEN","LPS","FM1008",11,112,"<1.88",125.5,118.22,11762.5,28508.49,"118.22"
"188","1_IL-23",1,"IL-23","B9","CAD7","CAD","SPLEEN","LPS","FM1011",11,129,"<1.88",125.5,118.22,11762.5,28508.49,"118.22"
"189","1_IL-23",1,"IL-23","C9","CAD8","CAD","SPLEEN","LPS","FM1011",11,123,"<1.88",125.5,118.22,11762.5,28508.49,"118.22"
"190","1_IL-23",1,"IL-23","D9","CAD9","CAD","SPLEEN","LPS","FM1011",11,107,"<1.88",125.5,118.22,11762.5,28508.49,"118.22"
"191","1_IL-23",1,"IL-23","A10","CAD6","CAD","SPLEEN","R848","FM1008",11,117,"<1.88",125.5,118.22,11762.5,28508.49,"118.22"
"192","1_IL-23",1,"IL-23","B10","CAD7","CAD","SPLEEN","R848","FM1011",11,113,"<1.88",125.5,118.22,11762.5,28508.49,"118.22"
"193","1_IL-23",1,"IL-23","C10","CAD8","CAD","SPLEEN","R848","FM1011",10,107,"<1.88",125.5,118.22,11762.5,28508.49,"118.22"
"194","1_IL-23",1,"IL-23","D10","CAD9","CAD","SPLEEN","R848","FM1011",10,109,"<1.88",125.5,118.22,11762.5,28508.49,"118.22"
"195","1_IL-23",1,"IL-23","A11","CAD6","CAD","SPLEEN","US","FM1008",10,121,"<1.88",125.5,118.22,11762.5,28508.49,"118.22"
"196","1_IL-23",1,"IL-23","B11","CAD7","CAD","SPLEEN","US","FM1011",11,90,"<1.88",125.5,118.22,11762.5,28508.49,"118.22"
"197","1_IL-23",1,"IL-23","C11","CAD8","CAD","SPLEEN","US","FM1011",10,89,"<1.88",125.5,118.22,11762.5,28508.49,"118.22"
"198","1_IL-23",1,"IL-23","D11","CAD9","CAD","SPLEEN","US","FM1011",10,87,"<1.88",125.5,118.22,11762.5,28508.49,"118.22"
"199","1_IL-23",1,"IL-23","H3","SAF6","SAF","SPLEEN","LPS","HEU047",11,151,"<1.88",125.5,118.22,11762.5,28508.49,"118.22"
"200","1_IL-23",1,"IL-23","H4","SAF6","SAF","SPLEEN","R848","HEU047",11,126,"<1.88",125.5,118.22,11762.5,28508.49,"118.22"
"201","1_IL-23",1,"IL-23","H5","SAF6","SAF","SPLEEN","US","HEU047",11,139,"<1.88",125.5,118.22,11762.5,28508.49,"118.22"
"202","1_IL-23",1,"IL-23","H6","CAD5","CAD","SPLEEN","LPS","FM1008",11,174,"<1.88",125.5,118.22,11762.5,28508.49,"118.22"
"203","1_IL-23",1,"IL-23","H7","CAD5","CAD","SPLEEN","R848","FM1008",11,161,"<1.88",125.5,118.22,11762.5,28508.49,"118.22"
"204","1_IL-23",1,"IL-23","H8","CAD5","CAD","SPLEEN","US","FM1008",11,142,"<1.88",125.5,118.22,11762.5,28508.49,"118.22"
"205","1_IL-6",1,"IL-6","D3","SAF2","SAF","SPLEEN","LPS","HEU001",943.5,96,"753.85",20,20.56,10074,19862.38,"753.85"
"206","1_IL-6",1,"IL-6","E3","SAF3","SAF","SPLEEN","LPS","HEU001",970,102,"774.54",20,20.56,10074,19862.38,"774.54"
"207","1_IL-6",1,"IL-6","F3","SAF4","SAF","SPLEEN","LPS","HEU047",599,128,"490.55",20,20.56,10074,19862.38,"490.55"
"208","1_IL-6",1,"IL-6","G3","SAF5","SAF","SPLEEN","LPS","HEU047",727,109,"587.34",20,20.56,10074,19862.38,"587.34"
"209","1_IL-6",1,"IL-6","D4","SAF2","SAF","SPLEEN","R848","HEU001",7049,85,"9515.63",20,20.56,10074,19862.38,"9515.63"
"210","1_IL-6",1,"IL-6","E4","SAF3","SAF","SPLEEN","R848","HEU001",3580,125,"3354.23",20,20.56,10074,19862.38,"3354.23"
"211","1_IL-6",1,"IL-6","F4","SAF4","SAF","SPLEEN","R848","HEU047",4613,100,"4777.56",20,20.56,10074,19862.38,"4777.56"
"212","1_IL-6",1,"IL-6","G4","SAF5","SAF","SPLEEN","R848","HEU047",7378.5,100,"10351.7",20,20.56,10074,19862.38,"10351.7"
"213","1_IL-6",1,"IL-6","D5","SAF2","SAF","SPLEEN","US","HEU001",50.5,120,"56.82",20,20.56,10074,19862.38,"56.82"
"214","1_IL-6",1,"IL-6","E5","SAF3","SAF","SPLEEN","US","HEU001",50.5,102,"56.82",20,20.56,10074,19862.38,"56.82"
"215","1_IL-6",1,"IL-6","F5","SAF4","SAF","SPLEEN","US","HEU047",31.5,100,"35.69",20,20.56,10074,19862.38,"35.69"
"216","1_IL-6",1,"IL-6","G5","SAF5","SAF","SPLEEN","US","HEU047",52,82,"58.38",20,20.56,10074,19862.38,"58.38"
"217","1_IL-6",1,"IL-6","A6","SAF7","SAF","SPLEEN","LPS","HEU089",419,101,"355.29",20,20.56,10074,19862.38,"355.29"
"218","1_IL-6",1,"IL-6","B6","SAF8","SAF","SPLEEN","LPS","HEU089",199,105,"186.43",20,20.56,10074,19862.38,"186.43"
"219","1_IL-6",1,"IL-6","C6","SAF9","SAF","SPLEEN","LPS","HEU089",488.5,108,"407.52",20,20.56,10074,19862.38,"407.52"
"220","1_IL-6",1,"IL-6","D6","CAD1","CAD","SPLEEN","LPS","FM1005",833.5,80,"668.72",20,20.56,10074,19862.38,"668.72"
"221","1_IL-6",1,"IL-6","E6","CAD2","CAD","SPLEEN","LPS","FM1005",600,95,"491.3",20,20.56,10074,19862.38,"491.3"
"222","1_IL-6",1,"IL-6","F6","CAD3","CAD","SPLEEN","LPS","FM1005",494.5,4,"412.02",20,20.56,10074,19862.38,"-"
"223","1_IL-6",1,"IL-6","G6","CAD4","CAD","SPLEEN","LPS","FM1008",631,83,"514.66",20,20.56,10074,19862.38,"514.66"
"224","1_IL-6",1,"IL-6","A7","SAF7","SAF","SPLEEN","R848","HEU089",5053.5,76,"5475.81",20,20.56,10074,19862.38,"5475.81"
"225","1_IL-6",1,"IL-6","B7","SAF8","SAF","SPLEEN","R848","HEU089",5349,96,"5978.74",20,20.56,10074,19862.38,"5978.74"
"226","1_IL-6",1,"IL-6","C7","SAF9","SAF","SPLEEN","R848","HEU089",5390.5,106,"6051.71",20,20.56,10074,19862.38,"6051.71"
"227","1_IL-6",1,"IL-6","D7","CAD1","CAD","SPLEEN","R848","FM1005",7502.5,100,"10681.16",20,20.56,10074,19862.38,"10681.16"
"228","1_IL-6",1,"IL-6","E7","CAD2","CAD","SPLEEN","R848","FM1005",6293,3,"7794.87",20,20.56,10074,19862.38,"-"
"229","1_IL-6",1,"IL-6","F7","CAD3","CAD","SPLEEN","R848","FM1005",6749,105,"8801.42",20,20.56,10074,19862.38,"8801.42"
"230","1_IL-6",1,"IL-6","G7","CAD4","CAD","SPLEEN","R848","FM1008",6659.5,90,"8596.56",20,20.56,10074,19862.38,"8596.56"
"231","1_IL-6",1,"IL-6","A8","SAF7","SAF","SPLEEN","US","HEU089",80,94,"85.7",20,20.56,10074,19862.38,"85.7"
"232","1_IL-6",1,"IL-6","B8","SAF8","SAF","SPLEEN","US","HEU089",29,100,"32.63",20,20.56,10074,19862.38,"32.63"
"233","1_IL-6",1,"IL-6","C8","SAF9","SAF","SPLEEN","US","HEU089",50.5,116,"56.82",20,20.56,10074,19862.38,"56.82"
"234","1_IL-6",1,"IL-6","D8","CAD1","CAD","SPLEEN","US","FM1005",84.5,78,"89.87",20,20.56,10074,19862.38,"89.87"
"235","1_IL-6",1,"IL-6","E8","CAD2","CAD","SPLEEN","US","FM1005",98,109,"102.1",20,20.56,10074,19862.38,"102.1"
"236","1_IL-6",1,"IL-6","F8","CAD3","CAD","SPLEEN","US","FM1005",72.5,100,"78.65",20,20.56,10074,19862.38,"78.65"
"237","1_IL-6",1,"IL-6","G8","CAD4","CAD","SPLEEN","US","FM1008",28,85,"31.38",20,20.56,10074,19862.38,"31.38"
"238","1_IL-6",1,"IL-6","A9","CAD6","CAD","SPLEEN","LPS","FM1008",257,100,"231.99",20,20.56,10074,19862.38,"231.99"
"239","1_IL-6",1,"IL-6","B9","CAD7","CAD","SPLEEN","LPS","FM1011",966.5,114,"771.8",20,20.56,10074,19862.38,"771.8"
"240","1_IL-6",1,"IL-6","C9","CAD8","CAD","SPLEEN","LPS","FM1011",942,114,"752.68",20,20.56,10074,19862.38,"752.68"
"241","1_IL-6",1,"IL-6","D9","CAD9","CAD","SPLEEN","LPS","FM1011",293,109,"259.75",20,20.56,10074,19862.38,"259.75"
"242","1_IL-6",1,"IL-6","A10","CAD6","CAD","SPLEEN","R848","FM1008",8029,110,"12177.55",20,20.56,10074,19862.38,"12177.55"
"243","1_IL-6",1,"IL-6","B10","CAD7","CAD","SPLEEN","R848","FM1011",8453,109,"13507.63",20,20.56,10074,19862.38,"13507.63"
"244","1_IL-6",1,"IL-6","C10","CAD8","CAD","SPLEEN","R848","FM1011",6822,114,"8971.26",20,20.56,10074,19862.38,"8971.26"
"245","1_IL-6",1,"IL-6","D10","CAD9","CAD","SPLEEN","R848","FM1011",5052,92,"5473.33",20,20.56,10074,19862.38,"5473.33"
"246","1_IL-6",1,"IL-6","A11","CAD6","CAD","SPLEEN","US","FM1008",47,97,"53.14",20,20.56,10074,19862.38,"53.14"
"247","1_IL-6",1,"IL-6","B11","CAD7","CAD","SPLEEN","US","FM1011",63,101,"69.46",20,20.56,10074,19862.38,"69.46"
"248","1_IL-6",1,"IL-6","C11","CAD8","CAD","SPLEEN","US","FM1011",36,115,"41",20,20.56,10074,19862.38,"41"
"249","1_IL-6",1,"IL-6","D11","CAD9","CAD","SPLEEN","US","FM1011",42.5,100,"48.29",20,20.56,10074,19862.38,"48.29"
"250","1_IL-6",1,"IL-6","H3","SAF6","SAF","SPLEEN","LPS","HEU047",263,100,"236.64",20,20.56,10074,19862.38,"236.64"
"251","1_IL-6",1,"IL-6","H4","SAF6","SAF","SPLEEN","R848","HEU047",1946,61,"1600.3",20,20.56,10074,19862.38,"1600.3"
"252","1_IL-6",1,"IL-6","H5","SAF6","SAF","SPLEEN","US","HEU047",45,95,"51",20,20.56,10074,19862.38,"51"
"253","1_IL-6",1,"IL-6","H6","CAD5","CAD","SPLEEN","LPS","FM1008",656.5,106,"533.92",20,20.56,10074,19862.38,"533.92"
"254","1_IL-6",1,"IL-6","H7","CAD5","CAD","SPLEEN","R848","FM1008",7488,121,"10642.2",20,20.56,10074,19862.38,"10642.2"
"255","1_IL-6",1,"IL-6","H8","CAD5","CAD","SPLEEN","US","FM1008",46,95,"52.07",20,20.56,10074,19862.38,"52.07"
"256","1_MIP-1b",1,"MIP-1b","D3","SAF2","SAF","SPLEEN","LPS","HEU001",11878,148,"338.8",80,4.52,15937,1575.94,"338.8"
"257","1_MIP-1b",1,"MIP-1b","E3","SAF3","SAF","SPLEEN","LPS","HEU001",11193,122,"296.42",80,4.52,15937,1575.94,"296.42"
"258","1_MIP-1b",1,"MIP-1b","F3","SAF4","SAF","SPLEEN","LPS","HEU047",11354.5,122,"305.65",80,4.52,15937,1575.94,"305.65"
"259","1_MIP-1b",1,"MIP-1b","G3","SAF5","SAF","SPLEEN","LPS","HEU047",11878.5,130,"338.84",80,4.52,15937,1575.94,"338.84"
"260","1_MIP-1b",1,"MIP-1b","D4","SAF2","SAF","SPLEEN","R848","HEU001",15824,105,"1406.25",80,4.52,15937,1575.94,"1406.25"
"261","1_MIP-1b",1,"MIP-1b","E4","SAF3","SAF","SPLEEN","R848","HEU001",13956,121,"560.8",80,4.52,15937,1575.94,"560.8"
"262","1_MIP-1b",1,"MIP-1b","F4","SAF4","SAF","SPLEEN","R848","HEU047",15442,100,"1051.11",80,4.52,15937,1575.94,"1051.11"
"263","1_MIP-1b",1,"MIP-1b","G4","SAF5","SAF","SPLEEN","R848","HEU047",16370,135,"3465.56",80,4.52,15937,1575.94,"1575.94"
"264","1_MIP-1b",1,"MIP-1b","D5","SAF2","SAF","SPLEEN","US","HEU001",2394,148,"48.91",80,4.52,15937,1575.94,"48.91"
"265","1_MIP-1b",1,"MIP-1b","E5","SAF3","SAF","SPLEEN","US","HEU001",2442,111,"49.76",80,4.52,15937,1575.94,"49.76"
"266","1_MIP-1b",1,"MIP-1b","F5","SAF4","SAF","SPLEEN","US","HEU047",2572,141,"52.08",80,4.52,15937,1575.94,"52.08"
"267","1_MIP-1b",1,"MIP-1b","G5","SAF5","SAF","SPLEEN","US","HEU047",3434,112,"67.67",80,4.52,15937,1575.94,"67.67"
"268","1_MIP-1b",1,"MIP-1b","A6","SAF7","SAF","SPLEEN","LPS","HEU089",7323.5,126,"151.2",80,4.52,15937,1575.94,"151.2"
"269","1_MIP-1b",1,"MIP-1b","B6","SAF8","SAF","SPLEEN","LPS","HEU089",9461,111,"217.7",80,4.52,15937,1575.94,"217.7"
"270","1_MIP-1b",1,"MIP-1b","C6","SAF9","SAF","SPLEEN","LPS","HEU089",10051,132,"241.09",80,4.52,15937,1575.94,"241.09"
"271","1_MIP-1b",1,"MIP-1b","D6","CAD1","CAD","SPLEEN","LPS","FM1005",11237,103,"298.89",80,4.52,15937,1575.94,"298.89"
"272","1_MIP-1b",1,"MIP-1b","E6","CAD2","CAD","SPLEEN","LPS","FM1005",11042,136,"288.15",80,4.52,15937,1575.94,"288.15"
"273","1_MIP-1b",1,"MIP-1b","F6","CAD3","CAD","SPLEEN","LPS","FM1005",10969,5,"284.27",80,4.52,15937,1575.94,"-"
"274","1_MIP-1b",1,"MIP-1b","G6","CAD4","CAD","SPLEEN","LPS","FM1008",11625.5,110,"322.15",80,4.52,15937,1575.94,"322.15"
"275","1_MIP-1b",1,"MIP-1b","A7","SAF7","SAF","SPLEEN","R848","HEU089",14403,104,"649.4",80,4.52,15937,1575.94,"649.4"
"276","1_MIP-1b",1,"MIP-1b","B7","SAF8","SAF","SPLEEN","R848","HEU089",15268,109,"948.27",80,4.52,15937,1575.94,"948.27"
"277","1_MIP-1b",1,"MIP-1b","C7","SAF9","SAF","SPLEEN","R848","HEU089",14870.5,110,"780.25",80,4.52,15937,1575.94,"780.25"
"278","1_MIP-1b",1,"MIP-1b","D7","CAD1","CAD","SPLEEN","R848","FM1005",15351.5,100,"994.62",80,4.52,15937,1575.94,"994.62"
"279","1_MIP-1b",1,"MIP-1b","E7","CAD2","CAD","SPLEEN","R848","FM1005",14130,4,"592.2",80,4.52,15937,1575.94,"-"
"280","1_MIP-1b",1,"MIP-1b","F7","CAD3","CAD","SPLEEN","R848","FM1005",15121.5,120,"877.65",80,4.52,15937,1575.94,"877.65"
"281","1_MIP-1b",1,"MIP-1b","G7","CAD4","CAD","SPLEEN","R848","FM1008",15653,120,"1217.18",80,4.52,15937,1575.94,"1217.18"
"282","1_MIP-1b",1,"MIP-1b","A8","SAF7","SAF","SPLEEN","US","HEU089",1851.5,116,"39.24",80,4.52,15937,1575.94,"39.24"
"283","1_MIP-1b",1,"MIP-1b","B8","SAF8","SAF","SPLEEN","US","HEU089",3340.5,128,"65.96",80,4.52,15937,1575.94,"65.96"
"284","1_MIP-1b",1,"MIP-1b","C8","SAF9","SAF","SPLEEN","US","HEU089",2092.5,112,"43.54",80,4.52,15937,1575.94,"43.54"
"285","1_MIP-1b",1,"MIP-1b","D8","CAD1","CAD","SPLEEN","US","FM1005",5823,95,"115.25",80,4.52,15937,1575.94,"115.25"
"286","1_MIP-1b",1,"MIP-1b","E8","CAD2","CAD","SPLEEN","US","FM1005",4645.5,114,"90.72",80,4.52,15937,1575.94,"90.72"
"287","1_MIP-1b",1,"MIP-1b","F8","CAD3","CAD","SPLEEN","US","FM1005",4881,123,"95.43",80,4.52,15937,1575.94,"95.43"
"288","1_MIP-1b",1,"MIP-1b","G8","CAD4","CAD","SPLEEN","US","FM1008",2793.5,120,"56.05",80,4.52,15937,1575.94,"56.05"
"289","1_MIP-1b",1,"MIP-1b","A9","CAD6","CAD","SPLEEN","LPS","FM1008",11003,113,"286.07",80,4.52,15937,1575.94,"286.07"
"290","1_MIP-1b",1,"MIP-1b","B9","CAD7","CAD","SPLEEN","LPS","FM1011",13718.5,100,"522.95",80,4.52,15937,1575.94,"522.95"
"291","1_MIP-1b",1,"MIP-1b","C9","CAD8","CAD","SPLEEN","LPS","FM1011",13489,139,"490.83",80,4.52,15937,1575.94,"490.83"
"292","1_MIP-1b",1,"MIP-1b","D9","CAD9","CAD","SPLEEN","LPS","FM1011",10042,104,"240.71",80,4.52,15937,1575.94,"240.71"
"293","1_MIP-1b",1,"MIP-1b","A10","CAD6","CAD","SPLEEN","R848","FM1008",15966.5,100,"1628.76",80,4.52,15937,1575.94,"1575.94"
"294","1_MIP-1b",1,"MIP-1b","B10","CAD7","CAD","SPLEEN","R848","FM1011",16129.5,134,"2022.12",80,4.52,15937,1575.94,"1575.94"
"295","1_MIP-1b",1,"MIP-1b","C10","CAD8","CAD","SPLEEN","R848","FM1011",16345,127,"3197.93",80,4.52,15937,1575.94,"1575.94"
"296","1_MIP-1b",1,"MIP-1b","D10","CAD9","CAD","SPLEEN","R848","FM1011",14918,127,"796.83",80,4.52,15937,1575.94,"796.83"
"297","1_MIP-1b",1,"MIP-1b","A11","CAD6","CAD","SPLEEN","US","FM1008",4203,124,"82.1",80,4.52,15937,1575.94,"82.1"
"298","1_MIP-1b",1,"MIP-1b","B11","CAD7","CAD","SPLEEN","US","FM1011",5771,115,"114.11",80,4.52,15937,1575.94,"114.11"
"299","1_MIP-1b",1,"MIP-1b","C11","CAD8","CAD","SPLEEN","US","FM1011",4395,107,"85.81",80,4.52,15937,1575.94,"85.81"
"300","1_MIP-1b",1,"MIP-1b","D11","CAD9","CAD","SPLEEN","US","FM1011",3218.5,116,"63.73",80,4.52,15937,1575.94,"63.73"
"301","1_MIP-1b",1,"MIP-1b","H3","SAF6","SAF","SPLEEN","LPS","HEU047",7946,147,"168.28",80,4.52,15937,1575.94,"168.28"
"302","1_MIP-1b",1,"MIP-1b","H4","SAF6","SAF","SPLEEN","R848","HEU047",13730.5,118,"524.74",80,4.52,15937,1575.94,"524.74"
"303","1_MIP-1b",1,"MIP-1b","H5","SAF6","SAF","SPLEEN","US","HEU047",2133,102,"44.26",80,4.52,15937,1575.94,"44.26"
"304","1_MIP-1b",1,"MIP-1b","H6","CAD5","CAD","SPLEEN","LPS","FM1008",13116.5,110,"446.01",80,4.52,15937,1575.94,"446.01"
"305","1_MIP-1b",1,"MIP-1b","H7","CAD5","CAD","SPLEEN","R848","FM1008",15694,132,"1256.94",80,4.52,15937,1575.94,"1256.94"
"306","1_MIP-1b",1,"MIP-1b","H8","CAD5","CAD","SPLEEN","US","FM1008",4575,118,"89.33",80,4.52,15937,1575.94,"89.33"
"307","1_TNF-a",1,"TNF-a","D3","SAF2","SAF","SPLEEN","LPS","HEU001",845.5,146,"73.68",91,9.75,4232.5,711.34,"73.68"
"308","1_TNF-a",1,"TNF-a","E3","SAF3","SAF","SPLEEN","LPS","HEU001",681,140,"58.39",91,9.75,4232.5,711.34,"58.39"
"309","1_TNF-a",1,"TNF-a","F3","SAF4","SAF","SPLEEN","LPS","HEU047",674,154,"57.75",91,9.75,4232.5,711.34,"57.75"
"310","1_TNF-a",1,"TNF-a","G3","SAF5","SAF","SPLEEN","LPS","HEU047",766,151,"66.21",91,9.75,4232.5,711.34,"66.21"
"311","1_TNF-a",1,"TNF-a","D4","SAF2","SAF","SPLEEN","R848","HEU001",2109,132,"215.71",91,9.75,4232.5,711.34,"215.71"
"312","1_TNF-a",1,"TNF-a","E4","SAF3","SAF","SPLEEN","R848","HEU001",549,134,"46.6",91,9.75,4232.5,711.34,"46.6"
"313","1_TNF-a",1,"TNF-a","F4","SAF4","SAF","SPLEEN","R848","HEU047",1625,106,"155.49",91,9.75,4232.5,711.34,"155.49"
"314","1_TNF-a",1,"TNF-a","G4","SAF5","SAF","SPLEEN","R848","HEU047",2193.5,178,"227.18",91,9.75,4232.5,711.34,"227.18"
"315","1_TNF-a",1,"TNF-a","D5","SAF2","SAF","SPLEEN","US","HEU001",35,173,"5.9",91,9.75,4232.5,711.34,"9.75"
"316","1_TNF-a",1,"TNF-a","E5","SAF3","SAF","SPLEEN","US","HEU001",80.5,154,"9.01",91,9.75,4232.5,711.34,"9.75"
"317","1_TNF-a",1,"TNF-a","F5","SAF4","SAF","SPLEEN","US","HEU047",26,178,"5.3",91,9.75,4232.5,711.34,"9.75"
"318","1_TNF-a",1,"TNF-a","G5","SAF5","SAF","SPLEEN","US","HEU047",35,113,"5.9",91,9.75,4232.5,711.34,"9.75"
"319","1_TNF-a",1,"TNF-a","A6","SAF7","SAF","SPLEEN","LPS","HEU089",495,107,"41.9",91,9.75,4232.5,711.34,"41.9"
"320","1_TNF-a",1,"TNF-a","B6","SAF8","SAF","SPLEEN","LPS","HEU089",584,156,"49.68",91,9.75,4232.5,711.34,"49.68"
"321","1_TNF-a",1,"TNF-a","C6","SAF9","SAF","SPLEEN","LPS","HEU089",822,143,"71.46",91,9.75,4232.5,711.34,"71.46"
"322","1_TNF-a",1,"TNF-a","D6","CAD1","CAD","SPLEEN","LPS","FM1005",715,135,"61.5",91,9.75,4232.5,711.34,"61.5"
"323","1_TNF-a",1,"TNF-a","E6","CAD2","CAD","SPLEEN","LPS","FM1005",549,143,"46.6",91,9.75,4232.5,711.34,"46.6"
"324","1_TNF-a",1,"TNF-a","F6","CAD3","CAD","SPLEEN","LPS","FM1005",590,6,"50.21",91,9.75,4232.5,711.34,"-"
"325","1_TNF-a",1,"TNF-a","G6","CAD4","CAD","SPLEEN","LPS","FM1008",793,113,"68.73",91,9.75,4232.5,711.34,"68.73"
"326","1_TNF-a",1,"TNF-a","A7","SAF7","SAF","SPLEEN","R848","HEU089",1386,125,"128.65",91,9.75,4232.5,711.34,"128.65"
"327","1_TNF-a",1,"TNF-a","B7","SAF8","SAF","SPLEEN","R848","HEU089",1658.5,140,"159.39",91,9.75,4232.5,711.34,"159.39"
"328","1_TNF-a",1,"TNF-a","C7","SAF9","SAF","SPLEEN","R848","HEU089",1533.5,126,"145.01",91,9.75,4232.5,711.34,"145.01"
"329","1_TNF-a",1,"TNF-a","D7","CAD1","CAD","SPLEEN","R848","FM1005",1890,133,"187.38",91,9.75,4232.5,711.34,"187.38"
"330","1_TNF-a",1,"TNF-a","E7","CAD2","CAD","SPLEEN","R848","FM1005",1967,2,"197.12",91,9.75,4232.5,711.34,"-"
"331","1_TNF-a",1,"TNF-a","F7","CAD3","CAD","SPLEEN","R848","FM1005",1926,113,"191.91",91,9.75,4232.5,711.34,"191.91"
"332","1_TNF-a",1,"TNF-a","G7","CAD4","CAD","SPLEEN","R848","FM1008",1899,149,"188.51",91,9.75,4232.5,711.34,"188.51"
"333","1_TNF-a",1,"TNF-a","A8","SAF7","SAF","SPLEEN","US","HEU089",54,131,"7.18",91,9.75,4232.5,711.34,"9.75"
"334","1_TNF-a",1,"TNF-a","B8","SAF8","SAF","SPLEEN","US","HEU089",33,136,"5.76",91,9.75,4232.5,711.34,"9.75"
"335","1_TNF-a",1,"TNF-a","C8","SAF9","SAF","SPLEEN","US","HEU089",31.5,148,"5.66",91,9.75,4232.5,711.34,"9.75"
"336","1_TNF-a",1,"TNF-a","D8","CAD1","CAD","SPLEEN","US","FM1005",79,102,"8.9",91,9.75,4232.5,711.34,"9.75"
"337","1_TNF-a",1,"TNF-a","E8","CAD2","CAD","SPLEEN","US","FM1005",65,137,"7.93",91,9.75,4232.5,711.34,"9.75"
"338","1_TNF-a",1,"TNF-a","F8","CAD3","CAD","SPLEEN","US","FM1005",57,151,"7.38",91,9.75,4232.5,711.34,"9.75"
"339","1_TNF-a",1,"TNF-a","G8","CAD4","CAD","SPLEEN","US","FM1008",23,126,"5.11",91,9.75,4232.5,711.34,"9.75"
"340","1_TNF-a",1,"TNF-a","A9","CAD6","CAD","SPLEEN","LPS","FM1008",565,125,"48",91,9.75,4232.5,711.34,"48"
"341","1_TNF-a",1,"TNF-a","B9","CAD7","CAD","SPLEEN","LPS","FM1011",1258,155,"114.95",91,9.75,4232.5,711.34,"114.95"
"342","1_TNF-a",1,"TNF-a","C9","CAD8","CAD","SPLEEN","LPS","FM1011",1054,143,"94.01",91,9.75,4232.5,711.34,"94.01"
"343","1_TNF-a",1,"TNF-a","D9","CAD9","CAD","SPLEEN","LPS","FM1011",498,129,"42.16",91,9.75,4232.5,711.34,"42.16"
"344","1_TNF-a",1,"TNF-a","A10","CAD6","CAD","SPLEEN","R848","FM1008",2227,156,"231.82",91,9.75,4232.5,711.34,"231.82"
"345","1_TNF-a",1,"TNF-a","B10","CAD7","CAD","SPLEEN","R848","FM1011",2027,130,"204.87",91,9.75,4232.5,711.34,"204.87"
"346","1_TNF-a",1,"TNF-a","C10","CAD8","CAD","SPLEEN","R848","FM1011",2350,138,"249.31",91,9.75,4232.5,711.34,"249.31"
"347","1_TNF-a",1,"TNF-a","D10","CAD9","CAD","SPLEEN","R848","FM1011",1048,156,"93.41",91,9.75,4232.5,711.34,"93.41"
"348","1_TNF-a",1,"TNF-a","A11","CAD6","CAD","SPLEEN","US","FM1008",40,138,"6.23",91,9.75,4232.5,711.34,"9.75"
"349","1_TNF-a",1,"TNF-a","B11","CAD7","CAD","SPLEEN","US","FM1011",49,157,"6.84",91,9.75,4232.5,711.34,"9.75"
"350","1_TNF-a",1,"TNF-a","C11","CAD8","CAD","SPLEEN","US","FM1011",38.5,148,"6.13",91,9.75,4232.5,711.34,"9.75"
"351","1_TNF-a",1,"TNF-a","D11","CAD9","CAD","SPLEEN","US","FM1011",28,122,"5.43",91,9.75,4232.5,711.34,"9.75"
"352","1_TNF-a",1,"TNF-a","H3","SAF6","SAF","SPLEEN","LPS","HEU047",325.5,176,"27.7",91,9.75,4232.5,711.34,"27.7"
"353","1_TNF-a",1,"TNF-a","H4","SAF6","SAF","SPLEEN","R848","HEU047",299,109,"25.56",91,9.75,4232.5,711.34,"25.56"
"354","1_TNF-a",1,"TNF-a","H5","SAF6","SAF","SPLEEN","US","HEU047",25,117,"5.24",91,9.75,4232.5,711.34,"9.75"
"355","1_TNF-a",1,"TNF-a","H6","CAD5","CAD","SPLEEN","LPS","FM1008",815.5,174,"70.85",91,9.75,4232.5,711.34,"70.85"
"356","1_TNF-a",1,"TNF-a","H7","CAD5","CAD","SPLEEN","R848","FM1008",2041,154,"206.7",91,9.75,4232.5,711.34,"206.7"
"357","1_TNF-a",1,"TNF-a","H8","CAD5","CAD","SPLEEN","US","FM1008",41,155,"6.3",91,9.75,4232.5,711.34,"9.75"
